"id","geography","dis_rating_above_6","school_name","pct_families_belowpov","total_grade_1_5","pct_white","pct_black","pct_hisp","pct_other","high_poverty"
"1500000US110010001001","Block Group 1, Census Tract 1, District of Columbia, District of Columbia",0.35661131,"HYDE ADDISON ES",0,164,0.725609756097561,0,0.274390243902439,0,0
"1500000US110010001002","Block Group 2, Census Tract 1, District of Columbia, District of Columbia",0.541439,"HYDE ADDISON ES",0,18,1,0,0,0,0
"1500000US110010001003","Block Group 3, Census Tract 1, District of Columbia, District of Columbia",0.2400462,"HYDE ADDISON ES",0,112,0.553571428571429,0,0,0.446428571428571,0
"1500000US110010001004","Block Group 4, Census Tract 1, District of Columbia, District of Columbia",0.31750572,"HYDE ADDISON ES",0,79,1,0,0,0,0
"1500000US110010002021","Block Group 1, Census Tract 2.02, District of Columbia, District of Columbia",0.39364314,"HYDE ADDISON ES",0,16,0.625,0,0,0.375,0
"1500000US110010002022","Block Group 2, Census Tract 2.02, District of Columbia, District of Columbia",0.13808092,"HYDE ADDISON ES",0.128571428571429,34,1,0,0,0,0
"1500000US110010002023","Block Group 3, Census Tract 2.02, District of Columbia, District of Columbia",0.16116963,"HYDE ADDISON ES",0,57,0.736842105263158,0.263157894736842,0,0,0
"1500000US110010003001","Block Group 1, Census Tract 3, District of Columbia, District of Columbia",0.59723377,"STODDERT ES",0,86,1,0,0,0,0
"1500000US110010003002","Block Group 2, Census Tract 3, District of Columbia, District of Columbia",0.15925643,"STODDERT ES",0,59,0.559322033898305,0,0.220338983050847,0.220338983050847,0
"1500000US110010003003","Block Group 3, Census Tract 3, District of Columbia, District of Columbia",0.50983202,"STODDERT ES",0,12,0,0,1,0,0
"1500000US110010003004","Block Group 4, Census Tract 3, District of Columbia, District of Columbia",0.24088836,"STODDERT ES",0,118,0.203389830508475,0.796610169491525,0,0,0
"1500000US110010004001","Block Group 1, Census Tract 4, District of Columbia, District of Columbia",0.48461598,"STODDERT ES",0,54,1,0,0,0,0
"1500000US110010004002","Block Group 2, Census Tract 4, District of Columbia, District of Columbia",0.37907881,"OYSTER ADAMS BILINGUAL SCHOOL OYSTER",0.13953488372093,29,0.172413793103448,0,0.310344827586207,0.517241379310345,0
"1500000US110010005011","Block Group 1, Census Tract 5.01, District of Columbia, District of Columbia",0.32773104,"OYSTER ADAMS BILINGUAL SCHOOL OYSTER",0.143835616438356,70,0,0,0.242857142857143,0.757142857142857,0
"1500000US110010005012","Block Group 2, Census Tract 5.01, District of Columbia, District of Columbia",0.11309697,"OYSTER ADAMS BILINGUAL SCHOOL OYSTER",0.318181818181818,50,0,0,0.5,0.5,1
"1500000US110010005021","Block Group 1, Census Tract 5.02, District of Columbia, District of Columbia",0.26195768,"OYSTER ADAMS BILINGUAL SCHOOL OYSTER",0,50,0.42,0,0.28,0.3,0
"1500000US110010005022","Block Group 2, Census Tract 5.02, District of Columbia, District of Columbia",0.44553098,"OYSTER ADAMS BILINGUAL SCHOOL OYSTER",0,18,0.666666666666667,0,0,0.333333333333333,0
"1500000US110010006002","Block Group 2, Census Tract 6, District of Columbia, District of Columbia",0.24082273,"EATON ES",0,41,1,0,0,0,0
"1500000US110010006003","Block Group 3, Census Tract 6, District of Columbia, District of Columbia",0.22436106,"EATON ES",0.281818181818182,24,1,0,0,0,1
"1500000US110010006004","Block Group 4, Census Tract 6, District of Columbia, District of Columbia",0.23971862,"HEARST ES",0,148,0.844594594594595,0,0.155405405405405,0,0
"1500000US110010007011","Block Group 1, Census Tract 7.01, District of Columbia, District of Columbia",0.43738011,"EATON ES",0.352941176470588,53,0,0.547169811320755,0,0.452830188679245,1
"1500000US110010007012","Block Group 2, Census Tract 7.01, District of Columbia, District of Columbia",0.53147149,"STODDERT ES",0,61,1,0,0,0,0
"1500000US110010007013","Block Group 3, Census Tract 7.01, District of Columbia, District of Columbia",0.32100043,"STODDERT ES",0,24,1,0,0,0,0
"1500000US110010007021","Block Group 1, Census Tract 7.02, District of Columbia, District of Columbia",0.11352325,"STODDERT ES",0,53,1,0,0,0,0
"1500000US110010008012","Block Group 2, Census Tract 8.01, District of Columbia, District of Columbia",0.45606253,"KEY ES",0,78,0.397435897435897,0,0.205128205128205,0.397435897435897,0
"1500000US110010008013","Block Group 3, Census Tract 8.01, District of Columbia, District of Columbia",0.26158622,"MANN ES",0.0897009966777409,179,1,0,0,0,0
"1500000US110010008014","Block Group 4, Census Tract 8.01, District of Columbia, District of Columbia",0.68918419,"KEY ES",0,14,0,0,0,1,0
"1500000US110010008021","Block Group 1, Census Tract 8.02, District of Columbia, District of Columbia",0.96726578,"STODDERT ES",0.0384615384615385,146,0.438356164383562,0.431506849315068,0,0.13013698630137,0
"1500000US110010008022","Block Group 2, Census Tract 8.02, District of Columbia, District of Columbia",0.85237616,"STODDERT ES",0,70,0.2,0.4,0.4,0,0
"1500000US110010009011","Block Group 1, Census Tract 9.01, District of Columbia, District of Columbia",0.41106355,"KEY ES",0.05,226,0.561946902654867,0,0.194690265486726,0.243362831858407,0
"1500000US110010009012","Block Group 2, Census Tract 9.01, District of Columbia, District of Columbia",0.8705346,"MANN ES",0,89,0.797752808988764,0.202247191011236,0,0,0
"1500000US110010009013","Block Group 3, Census Tract 9.01, District of Columbia, District of Columbia",0.32995576,"MANN ES",0,127,0.543307086614173,0,0.267716535433071,0.188976377952756,0
"1500000US110010009021","Block Group 1, Census Tract 9.02, District of Columbia, District of Columbia",0.078762405,"KEY ES",0.0483870967741935,83,0.421686746987952,0.108433734939759,0.36144578313253,0.108433734939759,0
"1500000US110010009022","Block Group 2, Census Tract 9.02, District of Columbia, District of Columbia",0.34161738,"KEY ES",0,189,0.735449735449735,0,0.169312169312169,0.0952380952380952,0
"1500000US110010010011","Block Group 1, Census Tract 10.01, District of Columbia, District of Columbia",0.70662212,"JANNEY ES",0,87,0.770114942528736,0,0,0.229885057471264,0
"1500000US110010010012","Block Group 2, Census Tract 10.01, District of Columbia, District of Columbia",0.27928051,"JANNEY ES",0,93,0.860215053763441,0,0,0.139784946236559,0
"1500000US110010010013","Block Group 3, Census Tract 10.01, District of Columbia, District of Columbia",0.71679854,"JANNEY ES",0,150,0.82,0,0.18,0,0
"1500000US110010010014","Block Group 4, Census Tract 10.01, District of Columbia, District of Columbia",0.26760224,"JANNEY ES",0,199,0.557788944723618,0,0.170854271356784,0.271356783919598,0
"1500000US110010010015","Block Group 5, Census Tract 10.01, District of Columbia, District of Columbia",0.70298892,"JANNEY ES",0,15,1,0,0,0,0
"1500000US110010010016","Block Group 6, Census Tract 10.01, District of Columbia, District of Columbia",0.60625529,"JANNEY ES",0,79,0.569620253164557,0,0,0.430379746835443,0
"1500000US110010010021","Block Group 1, Census Tract 10.02, District of Columbia, District of Columbia",0.42994359,"MANN ES",0,34,1,0,0,0,0
"1500000US110010010022","Block Group 2, Census Tract 10.02, District of Columbia, District of Columbia",0.3182666,"HEARST ES",0,7,1,0,0,0,0
"1500000US110010010023","Block Group 3, Census Tract 10.02, District of Columbia, District of Columbia",0.35481095,"HEARST ES",0,31,0.645161290322581,0,0,0.354838709677419,0
"1500000US110010011001","Block Group 1, Census Tract 11, District of Columbia, District of Columbia",0.55618709,"LAFAYETTE ES",0,89,0,0.426966292134831,0,0.573033707865168,0
"1500000US110010011002","Block Group 2, Census Tract 11, District of Columbia, District of Columbia",0.72383511,"MURCH ES",0,57,0.280701754385965,0,0.315789473684211,0.403508771929825,0
"1500000US110010011003","Block Group 3, Census Tract 11, District of Columbia, District of Columbia",0.31013528,"MURCH ES",0,39,1,0,0,0,0
"1500000US110010011004","Block Group 4, Census Tract 11, District of Columbia, District of Columbia",0.35805038,"MURCH ES",0,95,1,0,0,0,0
"1500000US110010012001","Block Group 1, Census Tract 12, District of Columbia, District of Columbia",0.10281952,"MURCH ES",0,96,0.541666666666667,0,0.3125,0.145833333333333,0
"1500000US110010012002","Block Group 2, Census Tract 12, District of Columbia, District of Columbia",0.27535281,"MURCH ES",0,64,0.65625,0,0.34375,0,0
"1500000US110010012003","Block Group 3, Census Tract 12, District of Columbia, District of Columbia",0.38907295,"MURCH ES",0,67,1,0,0,0,0
"1500000US110010012004","Block Group 4, Census Tract 12, District of Columbia, District of Columbia",0.25678575,"HEARST ES",0,16,1,0,0,0,0
"1500000US110010013011","Block Group 1, Census Tract 13.01, District of Columbia, District of Columbia",0.48531646,"MURCH ES",0,212,1,0,0,0,0
"1500000US110010013012","Block Group 2, Census Tract 13.01, District of Columbia, District of Columbia",0.42475224,"MURCH ES",0,89,0.179775280898876,0.606741573033708,0,0.213483146067416,0
"1500000US110010013013","Block Group 3, Census Tract 13.01, District of Columbia, District of Columbia",0.24403022,"MURCH ES",0,29,0,0,1,0,0
"1500000US110010013022","Block Group 2, Census Tract 13.02, District of Columbia, District of Columbia",0.63259256,"EATON ES",0,191,0.586387434554974,0,0.18848167539267,0.225130890052356,0
"1500000US110010014011","Block Group 1, Census Tract 14.01, District of Columbia, District of Columbia",0.2854113,"LAFAYETTE ES",0,141,0.524822695035461,0,0.219858156028369,0.25531914893617,0
"1500000US110010014012","Block Group 2, Census Tract 14.01, District of Columbia, District of Columbia",0.21483327,"LAFAYETTE ES",0,102,0.696078431372549,0,0.0392156862745098,0.264705882352941,0
"1500000US110010014021","Block Group 1, Census Tract 14.02, District of Columbia, District of Columbia",0.44059476,"LAFAYETTE ES",0,81,0.790123456790123,0,0,0.209876543209877,0
"1500000US110010014022","Block Group 2, Census Tract 14.02, District of Columbia, District of Columbia",0.56755692,"LAFAYETTE ES",0,46,0.326086956521739,0.456521739130435,0,0.217391304347826,0
"1500000US110010014023","Block Group 3, Census Tract 14.02, District of Columbia, District of Columbia",0.41369221,"MURCH ES",0.206666666666667,34,0.676470588235294,0,0,0.323529411764706,1
"1500000US110010015001","Block Group 1, Census Tract 15, District of Columbia, District of Columbia",0.81928247,"LAFAYETTE ES",0,73,0.534246575342466,0.191780821917808,0.273972602739726,0,0
"1500000US110010015002","Block Group 2, Census Tract 15, District of Columbia, District of Columbia",0.20939371,"LAFAYETTE ES",0,110,1,0,0,0,0
"1500000US110010015003","Block Group 3, Census Tract 15, District of Columbia, District of Columbia",0.64335412,"LAFAYETTE ES",0,48,1,0,0,0,0
"1500000US110010015004","Block Group 4, Census Tract 15, District of Columbia, District of Columbia",0.75367475,"LAFAYETTE ES",0.0695187165775401,152,1,0,0,0,0
"1500000US110010015005","Block Group 5, Census Tract 15, District of Columbia, District of Columbia",0.36123687,"LAFAYETTE ES",0,144,1,0,0,0,0
"1500000US110010016001","Block Group 1, Census Tract 16, District of Columbia, District of Columbia",0.13190122,"SHEPHERD ES",0.0567375886524823,127,0.362204724409449,0.511811023622047,0.062992125984252,0.062992125984252,0
"1500000US110010016002","Block Group 2, Census Tract 16, District of Columbia, District of Columbia",0.43563426,"SHEPHERD ES",0,12,1,0,0,0,0
"1500000US110010016003","Block Group 3, Census Tract 16, District of Columbia, District of Columbia",0.28647608,"SHEPHERD ES",0,53,0,0.792452830188679,0.207547169811321,0,0
"1500000US110010016004","Block Group 4, Census Tract 16, District of Columbia, District of Columbia",0.46111029,"SHEPHERD ES",0,32,0.5,0.5,0,0,0
"1500000US110010017021","Block Group 1, Census Tract 17.02, District of Columbia, District of Columbia",0.83772445,"CENTER CITY BRIGHTWOOD CAMPUS PCS",0.128048780487805,64,1,0,0,0,0
"1500000US110010017022","Block Group 2, Census Tract 17.02, District of Columbia, District of Columbia",1.011073,"CENTER CITY BRIGHTWOOD CAMPUS PCS",0,17,0,1,0,0,0
"1500000US110010018031","Block Group 1, Census Tract 18.03, District of Columbia, District of Columbia",0.52468461,"LATIN AMERICA MONTESSORI BILINGUAL LAMB PCS",0.21505376344086,93,0.204301075268817,0.623655913978495,0,0.172043010752688,1
"1500000US110010018032","Block Group 2, Census Tract 18.03, District of Columbia, District of Columbia",0.24633877,"LATIN AMERICA MONTESSORI BILINGUAL LAMB PCS",0.142061281337047,384,0,0.151041666666667,0.424479166666667,0.424479166666667,0
"1500000US110010018041","Block Group 1, Census Tract 18.04, District of Columbia, District of Columbia",0.50957525,"CENTER CITY BRIGHTWOOD CAMPUS PCS",0,10,0,0,0,1,0
"1500000US110010018042","Block Group 2, Census Tract 18.04, District of Columbia, District of Columbia",0.37361073,"CENTER CITY BRIGHTWOOD CAMPUS PCS",0.170616113744076,38,0,0.421052631578947,0.578947368421053,0,0
"1500000US110010018043","Block Group 3, Census Tract 18.04, District of Columbia, District of Columbia",0.13018969,"LATIN AMERICA MONTESSORI BILINGUAL LAMB PCS",0.235751295336788,341,0,0.0557184750733138,0.489736070381232,0.454545454545455,1
"1500000US110010019011","Block Group 1, Census Tract 19.01, District of Columbia, District of Columbia",0.29996738,"CENTER CITY BRIGHTWOOD CAMPUS PCS",0.170984455958549,191,0,0.952879581151832,0.0471204188481675,0,0
"1500000US110010019012","Block Group 2, Census Tract 19.01, District of Columbia, District of Columbia",0.30022469,"CENTER CITY BRIGHTWOOD CAMPUS PCS",0,64,0.125,0.15625,0.4375,0.28125,0
"1500000US110010019013","Block Group 3, Census Tract 19.01, District of Columbia, District of Columbia",0.37348577,"CENTER CITY BRIGHTWOOD CAMPUS PCS",0.269565217391304,21,0,0,0.666666666666667,0.333333333333333,1
"1500000US110010019014","Block Group 4, Census Tract 19.01, District of Columbia, District of Columbia",0.46849436,"CENTER CITY BRIGHTWOOD CAMPUS PCS",0,12,0,0,1,0,0
"1500000US110010019021","Block Group 1, Census Tract 19.02, District of Columbia, District of Columbia",0.61671561,"CENTER CITY BRIGHTWOOD CAMPUS PCS",0.228571428571429,54,0,0.259259259259259,0.444444444444444,0.296296296296296,1
"1500000US110010019022","Block Group 2, Census Tract 19.02, District of Columbia, District of Columbia",0.71030194,"CENTER CITY BRIGHTWOOD CAMPUS PCS",0,7,0,1,0,0,0
"1500000US110010020011","Block Group 1, Census Tract 20.01, District of Columbia, District of Columbia",0.14407094,"LATIN AMERICA MONTESSORI BILINGUAL LAMB PCS",0.0647058823529412,94,0,0.319148936170213,0.361702127659574,0.319148936170213,0
"1500000US110010020012","Block Group 2, Census Tract 20.01, District of Columbia, District of Columbia",0.30767405,"LATIN AMERICA MONTESSORI BILINGUAL LAMB PCS",0,85,0.129411764705882,0.423529411764706,0.164705882352941,0.282352941176471,0
"1500000US110010020021","Block Group 1, Census Tract 20.02, District of Columbia, District of Columbia",0.16391371,"WEST EC",0,81,0.148148148148148,0.555555555555556,0,0.296296296296296,0
"1500000US110010020022","Block Group 2, Census Tract 20.02, District of Columbia, District of Columbia",0.32536468,"LATIN AMERICA MONTESSORI BILINGUAL LAMB PCS",0.297709923664122,29,0.0344827586206897,0.689655172413793,0.137931034482759,0.137931034482759,1
"1500000US110010020023","Block Group 3, Census Tract 20.02, District of Columbia, District of Columbia",0.1652396,"WEST EC",0.0654205607476635,101,0,0.623762376237624,0.207920792079208,0.168316831683168,0
"1500000US110010021011","Block Group 1, Census Tract 21.01, District of Columbia, District of Columbia",0.38385627,"CENTER CITY BRIGHTWOOD CAMPUS PCS",0.317829457364341,62,0,0,0.5,0.5,1
"1500000US110010021012","Block Group 2, Census Tract 21.01, District of Columbia, District of Columbia",0.55198926,"CENTER CITY BRIGHTWOOD CAMPUS PCS",0.674698795180723,28,0,0.5,0.5,0,1
"1500000US110010021013","Block Group 3, Census Tract 21.01, District of Columbia, District of Columbia",0.57820308,"WEST EC",0,123,0,0.91869918699187,0,0.0813008130081301,0
"1500000US110010021014","Block Group 4, Census Tract 21.01, District of Columbia, District of Columbia",0.39257532,"WEST EC",0,80,0,0.7125,0.2875,0,0
"1500000US110010021015","Block Group 5, Census Tract 21.01, District of Columbia, District of Columbia",0.47255635,"CENTER CITY BRIGHTWOOD CAMPUS PCS",0.266187050359712,144,0,1,0,0,1
"1500000US110010021021","Block Group 1, Census Tract 21.02, District of Columbia, District of Columbia",0.83801049,"CENTER CITY BRIGHTWOOD CAMPUS PCS",0,29,0,1,0,0,0
"1500000US110010021022","Block Group 2, Census Tract 21.02, District of Columbia, District of Columbia",0.89555085,"CENTER CITY PETWORTH CAMPUS PCS",0.123076923076923,14,1,0,0,0,0
"1500000US110010021023","Block Group 3, Census Tract 21.02, District of Columbia, District of Columbia",0.85007,"CENTER CITY PETWORTH CAMPUS PCS",0.213592233009709,70,0,0.157142857142857,0.357142857142857,0.485714285714286,1
"1500000US110010021024","Block Group 4, Census Tract 21.02, District of Columbia, District of Columbia",0.79180902,"CENTER CITY PETWORTH CAMPUS PCS",0.443478260869565,188,0,0.276595744680851,0.361702127659574,0.361702127659574,1
"1500000US110010021025","Block Group 5, Census Tract 21.02, District of Columbia, District of Columbia",0.64106929,"CENTER CITY PETWORTH CAMPUS PCS",0.0941176470588235,30,0,0,0.5,0.5,0
"1500000US110010021026","Block Group 6, Census Tract 21.02, District of Columbia, District of Columbia",0.72636008,"CENTER CITY BRIGHTWOOD CAMPUS PCS",0.695652173913043,24,0.0416666666666667,0.958333333333333,0,0,1
"1500000US110010022011","Block Group 1, Census Tract 22.01, District of Columbia, District of Columbia",0.43925351,"CENTER CITY PETWORTH CAMPUS PCS",0,24,0,0.5,0,0.5,0
"1500000US110010022012","Block Group 2, Census Tract 22.01, District of Columbia, District of Columbia",0.31281978,"CENTER CITY PETWORTH CAMPUS PCS",0,91,0,0.230769230769231,0.384615384615385,0.384615384615385,0
"1500000US110010022013","Block Group 3, Census Tract 22.01, District of Columbia, District of Columbia",0.3675099,"WEST EC",0,46,0,1,0,0,0
"1500000US110010022021","Block Group 1, Census Tract 22.02, District of Columbia, District of Columbia",0.54810464,"CENTER CITY PETWORTH CAMPUS PCS",0.247706422018349,148,0,0.195945945945946,0.432432432432432,0.371621621621622,1
"1500000US110010022022","Block Group 2, Census Tract 22.02, District of Columbia, District of Columbia",0.2971327,"CENTER CITY PETWORTH CAMPUS PCS",0.421052631578947,84,0,1,0,0,1
"1500000US110010022023","Block Group 3, Census Tract 22.02, District of Columbia, District of Columbia",0.46056882,"CENTER CITY PETWORTH CAMPUS PCS",0.208791208791209,29,0,1,0,0,1
"1500000US110010023011","Block Group 1, Census Tract 23.01, District of Columbia, District of Columbia",0.17846195,"CENTER CITY PETWORTH CAMPUS PCS",0,87,0.160919540229885,0.701149425287356,0,0.137931034482759,0
"1500000US110010023012","Block Group 2, Census Tract 23.01, District of Columbia, District of Columbia",0.26486883,"CENTER CITY PETWORTH CAMPUS PCS",0.14367816091954,34,0.441176470588235,0.558823529411765,0,0,0
"1500000US110010023021","Block Group 1, Census Tract 23.02, District of Columbia, District of Columbia",0.61036229,"WASHINGTON YU YING PCS",0,35,0,1,0,0,0
"1500000US110010024001","Block Group 1, Census Tract 24, District of Columbia, District of Columbia",0.44960064,"CENTER CITY PETWORTH CAMPUS PCS",0,26,0.230769230769231,0.769230769230769,0,0,0
"1500000US110010024002","Block Group 2, Census Tract 24, District of Columbia, District of Columbia",0.16850314,"CENTER CITY PETWORTH CAMPUS PCS",0,88,0,0.386363636363636,0.352272727272727,0.261363636363636,0
"1500000US110010024004","Block Group 4, Census Tract 24, District of Columbia, District of Columbia",0.3040756,"CENTER CITY PETWORTH CAMPUS PCS",0.0917431192660551,111,0,0.225225225225225,0.351351351351351,0.423423423423423,0
"1500000US110010025011","Block Group 1, Census Tract 25.01, District of Columbia, District of Columbia",0.47120646,"WEST EC",0.535433070866142,114,0.0614035087719298,0.298245614035088,0.447368421052632,0.192982456140351,1
"1500000US110010025012","Block Group 2, Census Tract 25.01, District of Columbia, District of Columbia",0.46254116,"WEST EC",0.0359281437125748,58,0.810344827586207,0.189655172413793,0,0,0
"1500000US110010025021","Block Group 1, Census Tract 25.02, District of Columbia, District of Columbia",0.4925822,"CENTER CITY PETWORTH CAMPUS PCS",0.138888888888889,142,0,0,0.5,0.5,0
"1500000US110010025022","Block Group 2, Census Tract 25.02, District of Columbia, District of Columbia",0.57497227,"TUBMAN ES",0.21969696969697,206,0,0,0.5,0.5,1
"1500000US110010025023","Block Group 3, Census Tract 25.02, District of Columbia, District of Columbia",0.5989449,"BANCROFT ES",0,128,0,0.6796875,0.3203125,0,0
"1500000US110010025024","Block Group 4, Census Tract 25.02, District of Columbia, District of Columbia",0.48484537,"BANCROFT ES",0.333333333333333,108,0.435185185185185,0,0.564814814814815,0,1
"1500000US110010026001","Block Group 1, Census Tract 26, District of Columbia, District of Columbia",0.38702968,"BANCROFT ES",0.0642201834862385,73,0.246575342465753,0.164383561643836,0.36986301369863,0.219178082191781,0
"1500000US110010026002","Block Group 2, Census Tract 26, District of Columbia, District of Columbia",0.57117289,"WEST EC",0,56,0.589285714285714,0,0,0.410714285714286,0
"1500000US110010027013","Block Group 3, Census Tract 27.01, District of Columbia, District of Columbia",0.14214464,"BANCROFT ES",0,100,0.72,0,0,0.28,0
"1500000US110010027022","Block Group 2, Census Tract 27.02, District of Columbia, District of Columbia",0.34554645,"D C  BILINGUAL PCS",0,61,0.836065573770492,0.163934426229508,0,0,0
"1500000US110010027023","Block Group 3, Census Tract 27.02, District of Columbia, District of Columbia",0.27608299,"BANCROFT ES",0,29,1,0,0,0,0
"1500000US110010028011","Block Group 1, Census Tract 28.01, District of Columbia, District of Columbia",0.33446434,"BANCROFT ES",0.126760563380282,18,0,1,0,0,0
"1500000US110010028012","Block Group 2, Census Tract 28.01, District of Columbia, District of Columbia",0.34768224,"BANCROFT ES",0.21501014198783,180,0.0277777777777778,0.111111111111111,0.538888888888889,0.322222222222222,1
"1500000US110010028021","Block Group 1, Census Tract 28.02, District of Columbia, District of Columbia",0.058733508,"D C  BILINGUAL PCS",0.38785046728972,171,0,0.333333333333333,0.333333333333333,0.333333333333333,1
"1500000US110010028022","Block Group 2, Census Tract 28.02, District of Columbia, District of Columbia",0.29379112,"D C  BILINGUAL PCS",0.239043824701195,117,0.153846153846154,0,0.487179487179487,0.358974358974359,1
"1500000US110010029001","Block Group 1, Census Tract 29, District of Columbia, District of Columbia",0.34175491,"TUBMAN ES",0.188034188034188,106,0,0.339622641509434,0.481132075471698,0.179245283018868,1
"1500000US110010029002","Block Group 2, Census Tract 29, District of Columbia, District of Columbia",0.33307144,"TUBMAN ES",0.0543478260869565,43,0.558139534883721,0.441860465116279,0,0,0
"1500000US110010030001","Block Group 1, Census Tract 30, District of Columbia, District of Columbia",0.091809891,"TUBMAN ES",0.26865671641791,30,0.266666666666667,0.733333333333333,0,0,1
"1500000US110010030002","Block Group 2, Census Tract 30, District of Columbia, District of Columbia",0.10975276,"TUBMAN ES",0.394833948339483,51,0,1,0,0,1
"1500000US110010031001","Block Group 1, Census Tract 31, District of Columbia, District of Columbia",0.1985817,"TUBMAN ES",0.162544169611307,285,0,0.185964912280702,0.414035087719298,0.4,0
"1500000US110010032001","Block Group 1, Census Tract 32, District of Columbia, District of Columbia",0.57181662,"CENTER CITY PETWORTH CAMPUS PCS",0.161904761904762,11,0,0,1,0,0
"1500000US110010032002","Block Group 2, Census Tract 32, District of Columbia, District of Columbia",0.52557129,"TUBMAN ES",0,54,0,0,0.722222222222222,0.277777777777778,0
"1500000US110010032003","Block Group 3, Census Tract 32, District of Columbia, District of Columbia",0.44775912,"TUBMAN ES",0.414364640883978,77,0,0.467532467532468,0.220779220779221,0.311688311688312,1
"1500000US110010032004","Block Group 4, Census Tract 32, District of Columbia, District of Columbia",0.44727138,"TUBMAN ES",0,7,0,0,1,0,0
"1500000US110010033011","Block Group 1, Census Tract 33.01, District of Columbia, District of Columbia",0.73741227,"CLEVELAND ES",0,59,0.457627118644068,0.542372881355932,0,0,0
"1500000US110010033013","Block Group 3, Census Tract 33.01, District of Columbia, District of Columbia",0.57129651,"CLEVELAND ES",0,16,0,1,0,0,0
"1500000US110010033021","Block Group 1, Census Tract 33.02, District of Columbia, District of Columbia",0.49950248,"KIPP DC WILL ACADEMY PCS",0,70,0.214285714285714,0.785714285714286,0,0,0
"1500000US110010033022","Block Group 2, Census Tract 33.02, District of Columbia, District of Columbia",0.4444893,"KIPP DC WILL ACADEMY PCS",0.21978021978022,28,0,0.571428571428571,0.25,0.178571428571429,1
"1500000US110010034001","Block Group 1, Census Tract 34, District of Columbia, District of Columbia",0.4033519,"CLEVELAND ES",0,35,0,0.542857142857143,0.457142857142857,0,0
"1500000US110010034002","Block Group 2, Census Tract 34, District of Columbia, District of Columbia",0.46390128,"CLEVELAND ES",0.309090909090909,36,0,0.777777777777778,0.222222222222222,0,1
"1500000US110010035001","Block Group 1, Census Tract 35, District of Columbia, District of Columbia",0.33999151,"TUBMAN ES",0.253968253968254,141,0.0354609929078014,0.687943262411348,0.170212765957447,0.106382978723404,1
"1500000US110010035002","Block Group 2, Census Tract 35, District of Columbia, District of Columbia",0.31741694,"MERIDIAN PCS",0.253731343283582,57,0,1,0,0,1
"1500000US110010036002","Block Group 2, Census Tract 36, District of Columbia, District of Columbia",0.19701259,"D C  BILINGUAL PCS",0,104,0,0.730769230769231,0.269230769230769,0,0
"1500000US110010036003","Block Group 3, Census Tract 36, District of Columbia, District of Columbia",0.33594966,"D C  BILINGUAL PCS",0,35,0,0,0,1,0
"1500000US110010037001","Block Group 1, Census Tract 37, District of Columbia, District of Columbia",0.31830081,"MERIDIAN PCS",0.325757575757576,19,0,0,0,1,1
"1500000US110010037002","Block Group 2, Census Tract 37, District of Columbia, District of Columbia",0.19660132,"D C  BILINGUAL PCS",0.274809160305344,157,0,0.866242038216561,0.133757961783439,0,1
"1500000US110010037003","Block Group 3, Census Tract 37, District of Columbia, District of Columbia",0.24011271,"MERIDIAN PCS",0.285714285714286,99,0,0,1,0,1
"1500000US110010038001","Block Group 1, Census Tract 38, District of Columbia, District of Columbia",0.24746756,"MARIE REED ES",0.107438016528926,40,0,0,1,0,0
"1500000US110010038003","Block Group 3, Census Tract 38, District of Columbia, District of Columbia",0.37931699,"D C  BILINGUAL PCS",0,12,0,0,0,1,0
"1500000US110010039001","Block Group 1, Census Tract 39, District of Columbia, District of Columbia",0.3009851,"D C  BILINGUAL PCS",0,14,0,1,0,0,0
"1500000US110010039004","Block Group 4, Census Tract 39, District of Columbia, District of Columbia",0.42028648,"MARIE REED ES",0,18,1,0,0,0,0
"1500000US110010040011","Block Group 1, Census Tract 40.01, District of Columbia, District of Columbia",0.26971254,"MARIE REED ES",0,17,1,0,0,0,0
"1500000US110010040013","Block Group 3, Census Tract 40.01, District of Columbia, District of Columbia",0.31549403,"MARIE REED ES",0,169,0.372781065088757,0,0.313609467455621,0.313609467455621,0
"1500000US110010040021","Block Group 1, Census Tract 40.02, District of Columbia, District of Columbia",0.14168741,"MARIE REED ES",0,4,1,0,0,0,0
"1500000US110010040022","Block Group 2, Census Tract 40.02, District of Columbia, District of Columbia",0.094100513,"MARIE REED ES",0,61,1,0,0,0,0
"1500000US110010041001","Block Group 1, Census Tract 41, District of Columbia, District of Columbia",0.39843509,"MARIE REED ES",0,30,0.733333333333333,0,0,0.266666666666667,0
"1500000US110010041002","Block Group 2, Census Tract 41, District of Columbia, District of Columbia",0.46836153,"MARIE REED ES",0,24,1,0,0,0,0
"1500000US110010041003","Block Group 3, Census Tract 41, District of Columbia, District of Columbia",0.62428409,"ROSS ES",0,32,0.78125,0.125,0,0.09375,0
"1500000US110010042011","Block Group 1, Census Tract 42.01, District of Columbia, District of Columbia",0.28314838,"MARIE REED ES",0,40,0,0.325,0.675,0,0
"1500000US110010042012","Block Group 2, Census Tract 42.01, District of Columbia, District of Columbia",0.21038888,"MARIE REED ES",0,3,1,0,0,0,0
"1500000US110010042022","Block Group 2, Census Tract 42.02, District of Columbia, District of Columbia",0.25000525,"ROSS ES",0,31,0.290322580645161,0,0.354838709677419,0.354838709677419,0
"1500000US110010043001","Block Group 1, Census Tract 43, District of Columbia, District of Columbia",0.23905984,"MERIDIAN PCS",0.063953488372093,11,0,1,0,0,0
"1500000US110010043002","Block Group 2, Census Tract 43, District of Columbia, District of Columbia",0.32056242,"MERIDIAN PCS",0.328125,26,0,1,0,0,1
"1500000US110010044002","Block Group 2, Census Tract 44, District of Columbia, District of Columbia",0.23390667,"CLEVELAND ES",0.284552845528455,123,0,0.333333333333333,0.186991869918699,0.479674796747967,1
"1500000US110010046001","Block Group 1, Census Tract 46, District of Columbia, District of Columbia",0.40699646,"KIPP DC WILL ACADEMY PCS",0.53,40,0,1,0,0,1
"1500000US110010046002","Block Group 2, Census Tract 46, District of Columbia, District of Columbia",0.20446664,"KIPP DC WILL ACADEMY PCS",0.0564971751412429,100,0,0.15,0.42,0.43,0
"1500000US110010047011","Block Group 1, Census Tract 47.01, District of Columbia, District of Columbia",0.56175202,"KIPP DC WILL ACADEMY PCS",0,60,0,1,0,0,0
"1500000US110010047012","Block Group 2, Census Tract 47.01, District of Columbia, District of Columbia",0.43249729,"KIPP DC WILL ACADEMY PCS",0.54275092936803,235,0,0.961702127659574,0,0.0382978723404255,1
"1500000US110010047021","Block Group 1, Census Tract 47.02, District of Columbia, District of Columbia",0.5928905,"CENTER CITY SHAW CAMPUS PCS",0.323529411764706,67,0,1,0,0,1
"1500000US110010048011","Block Group 1, Census Tract 48.01, District of Columbia, District of Columbia",0.16033131,"KIPP DC WILL ACADEMY PCS",0,31,0,0.580645161290323,0,0.419354838709677,0
"1500000US110010048021","Block Group 1, Census Tract 48.02, District of Columbia, District of Columbia",0.25441206,"KIPP DC WILL ACADEMY PCS",0,47,0.127659574468085,0.638297872340426,0,0.234042553191489,0
"1500000US110010048022","Block Group 2, Census Tract 48.02, District of Columbia, District of Columbia",0.12559782,"CENTER CITY SHAW CAMPUS PCS",0.39662447257384,87,0,0.505747126436782,0.494252873563218,0,1
"1500000US110010049011","Block Group 1, Census Tract 49.01, District of Columbia, District of Columbia",0.14195494,"CLEVELAND ES",0.34841628959276,140,0.0571428571428571,0.457142857142857,0.242857142857143,0.242857142857143,1
"1500000US110010049012","Block Group 2, Census Tract 49.01, District of Columbia, District of Columbia",0.21873377,"CENTER CITY SHAW CAMPUS PCS",0.11864406779661,20,0,1,0,0,0
"1500000US110010049021","Block Group 1, Census Tract 49.02, District of Columbia, District of Columbia",0.075783648,"CENTER CITY SHAW CAMPUS PCS",1,13,0,1,0,0,1
"1500000US110010049022","Block Group 2, Census Tract 49.02, District of Columbia, District of Columbia",0.20272768,"CENTER CITY SHAW CAMPUS PCS",0.0697674418604651,83,0.0602409638554217,0,0.469879518072289,0.469879518072289,0
"1500000US110010050011","Block Group 1, Census Tract 50.01, District of Columbia, District of Columbia",0.39653644,"CLEVELAND ES",0,5,1,0,0,0,0
"1500000US110010050023","Block Group 3, Census Tract 50.02, District of Columbia, District of Columbia",0.31891805,"CENTER CITY SHAW CAMPUS PCS",0.391304347826087,200,0,0,0.6,0.4,1
"1500000US110010052014","Block Group 4, Census Tract 52.01, District of Columbia, District of Columbia",0.35039097,"ROSS ES",0,30,1,0,0,0,0
"1500000US110010053012","Block Group 2, Census Tract 53.01, District of Columbia, District of Columbia",0.13065001,"ROSS ES",0,19,0,0,0,1,0
"1500000US110010053013","Block Group 3, Census Tract 53.01, District of Columbia, District of Columbia",0.23063755,"ROSS ES",0,22,0.954545454545455,0.0454545454545455,0,0,0
"1500000US110010055004","Block Group 4, Census Tract 55, District of Columbia, District of Columbia",0.50518906,"ROSS ES",0.873684210526316,80,1,0,0,0,1
"1500000US110010058001","Block Group 1, Census Tract 58, District of Columbia, District of Columbia",0.58216131,"THOMSON ES",0,10,0,0,0,1,0
"1500000US110010058002","Block Group 2, Census Tract 58, District of Columbia, District of Columbia",0.584795,"THOMSON ES",0.369047619047619,36,0,0,0,1,1
"1500000US110010064001","Block Group 1, Census Tract 64, District of Columbia, District of Columbia",0.87671745,"BRENT ES",0.545454545454545,19,0,1,0,0,1
"1500000US110010064002","Block Group 2, Census Tract 64, District of Columbia, District of Columbia",1.0378975,"BRENT ES",0.525316455696203,77,0,1,0,0,1
"1500000US110010065001","Block Group 1, Census Tract 65, District of Columbia, District of Columbia",0.05878789,"BRENT ES",0,14,1,0,0,0,0
"1500000US110010065002","Block Group 2, Census Tract 65, District of Columbia, District of Columbia",0.12683301,"BRENT ES",0.0423728813559322,27,0.481481481481481,0,0.185185185185185,0.333333333333333,0
"1500000US110010066001","Block Group 1, Census Tract 66, District of Columbia, District of Columbia",0.29402366,"BRENT ES",0,57,1,0,0,0,0
"1500000US110010067001","Block Group 1, Census Tract 67, District of Columbia, District of Columbia",0.8573969,"BRENT ES",0,46,0.347826086956522,0.652173913043478,0,0,0
"1500000US110010067002","Block Group 2, Census Tract 67, District of Columbia, District of Columbia",0.64775556,"BRENT ES",0,38,0.657894736842105,0.342105263157895,0,0,0
"1500000US110010067003","Block Group 3, Census Tract 67, District of Columbia, District of Columbia",0.47707641,"BRENT ES",0,44,0.727272727272727,0,0,0.272727272727273,0
"1500000US110010068011","Block Group 1, Census Tract 68.01, District of Columbia, District of Columbia",1.2189729,"LUDLOW TAYLOR ES",0,39,0.205128205128205,0.461538461538462,0,0.333333333333333,0
"1500000US110010068012","Block Group 2, Census Tract 68.01, District of Columbia, District of Columbia",1.067597,"LUDLOW TAYLOR ES",0.333333333333333,40,0,1,0,0,1
"1500000US110010068021","Block Group 1, Census Tract 68.02, District of Columbia, District of Columbia",1.0897028,"BRENT ES",0.152173913043478,54,0,0.240740740740741,0.0740740740740741,0.685185185185185,0
"1500000US110010068022","Block Group 2, Census Tract 68.02, District of Columbia, District of Columbia",1.0843976,"BRENT ES",0.165680473372781,64,0.703125,0.125,0,0.171875,0
"1500000US110010069001","Block Group 1, Census Tract 69, District of Columbia, District of Columbia",0.71229815,"BRENT ES",0,25,0.36,0,0.32,0.32,0
"1500000US110010069002","Block Group 2, Census Tract 69, District of Columbia, District of Columbia",0.88878137,"BRENT ES",0,64,0.90625,0.09375,0,0,0
"1500000US110010070001","Block Group 1, Census Tract 70, District of Columbia, District of Columbia",0.27565789,"BRENT ES",0,25,1,0,0,0,0
"1500000US110010070002","Block Group 2, Census Tract 70, District of Columbia, District of Columbia",0.5182668,"BRENT ES",0,2,1,0,0,0,0
"1500000US110010071001","Block Group 1, Census Tract 71, District of Columbia, District of Columbia",0.91316348,"BRENT ES",0.578947368421053,123,0,1,0,0,1
"1500000US110010071002","Block Group 2, Census Tract 71, District of Columbia, District of Columbia",0.79811823,"BRENT ES",0.276515151515151,82,0.109756097560976,0.890243902439024,0,0,1
"1500000US110010072001","Block Group 1, Census Tract 72, District of Columbia, District of Columbia",0.43140176,"BRENT ES",0.217821782178218,19,0,1,0,0,1
"1500000US110010072002","Block Group 2, Census Tract 72, District of Columbia, District of Columbia",0.50777709,"BRENT ES",0,13,1,0,0,0,0
"1500000US110010073011","Block Group 1, Census Tract 73.01, District of Columbia, District of Columbia",0.74640799,"CENTER CITY CONGRESS HEIGHTS CAMPUS PCS",0.029595015576324,294,0.639455782312925,0.17687074829932,0.0782312925170068,0.105442176870748,0
"1500000US110010073041","Block Group 1, Census Tract 73.04, District of Columbia, District of Columbia",0.053412061,"ACHIEVEMENT PREPARATORY PCS ELEMENTARY",0.576323987538941,195,0,0.912820512820513,0,0.0871794871794872,1
"1500000US110010073042","Block Group 2, Census Tract 73.04, District of Columbia, District of Columbia",0.27969956,"ACHIEVEMENT PREPARATORY PCS ELEMENTARY",0.516483516483517,38,0,1,0,0,1
"1500000US110010073043","Block Group 3, Census Tract 73.04, District of Columbia, District of Columbia",0.41721135,"ACHIEVEMENT PREPARATORY PCS ELEMENTARY",0,18,0,1,0,0,0
"1500000US110010074011","Block Group 1, Census Tract 74.01, District of Columbia, District of Columbia",1.3064948,"CENTER CITY CONGRESS HEIGHTS CAMPUS PCS",0.605504587155963,120,0,1,0,0,1
"1500000US110010074012","Block Group 2, Census Tract 74.01, District of Columbia, District of Columbia",1.1873356,"CENTER CITY CONGRESS HEIGHTS CAMPUS PCS",0.704225352112676,155,0,0.935483870967742,0.0645161290322581,0,1
"1500000US110010074031","Block Group 1, Census Tract 74.03, District of Columbia, District of Columbia",0.69665885,"ACHIEVEMENT PREPARATORY PCS ELEMENTARY",0.257851239669421,252,0,0.920634920634921,0.0793650793650794,0,1
"1500000US110010074041","Block Group 1, Census Tract 74.04, District of Columbia, District of Columbia",0.76701808,"ACHIEVEMENT PREPARATORY PCS ELEMENTARY",0.441463414634146,237,0,1,0,0,1
"1500000US110010074042","Block Group 2, Census Tract 74.04, District of Columbia, District of Columbia",0.4778972,"ACHIEVEMENT PREPARATORY PCS ELEMENTARY",0.641666666666667,100,0,1,0,0,1
"1500000US110010074043","Block Group 3, Census Tract 74.04, District of Columbia, District of Columbia",0.71672195,"ACHIEVEMENT PREPARATORY PCS ELEMENTARY",0.19047619047619,26,0,1,0,0,1
"1500000US110010074061","Block Group 1, Census Tract 74.06, District of Columbia, District of Columbia",1.110862,"ACHIEVEMENT PREPARATORY PCS ELEMENTARY",0.0944444444444444,307,0,0.921824104234528,0.0228013029315961,0.0553745928338762,0
"1500000US110010074062","Block Group 2, Census Tract 74.06, District of Columbia, District of Columbia",0.90878659,"ACHIEVEMENT PREPARATORY PCS ELEMENTARY",0.728,108,0,1,0,0,1
"1500000US110010074071","Block Group 1, Census Tract 74.07, District of Columbia, District of Columbia",1.0061651,"ACHIEVEMENT PREPARATORY PCS ELEMENTARY",0.15702479338843,34,0,1,0,0,0
"1500000US110010074072","Block Group 2, Census Tract 74.07, District of Columbia, District of Columbia",1.2649926,"ACHIEVEMENT PREPARATORY PCS ELEMENTARY",0.434210526315789,207,0,0.942028985507246,0,0.0579710144927536,1
"1500000US110010074081","Block Group 1, Census Tract 74.08, District of Columbia, District of Columbia",1.1182777,"ACHIEVEMENT PREPARATORY PCS ELEMENTARY",0.616326530612245,244,0,1,0,0,1
"1500000US110010074091","Block Group 1, Census Tract 74.09, District of Columbia, District of Columbia",0.90681911,"ACHIEVEMENT PREPARATORY PCS ELEMENTARY",0.616438356164384,42,0,1,0,0,1
"1500000US110010074092","Block Group 2, Census Tract 74.09, District of Columbia, District of Columbia",0.67654395,"ACHIEVEMENT PREPARATORY PCS ELEMENTARY",0.562231759656652,136,0,1,0,0,1
"1500000US110010074093","Block Group 3, Census Tract 74.09, District of Columbia, District of Columbia",0.40906507,"ACHIEVEMENT PREPARATORY PCS ELEMENTARY",0.466257668711656,199,0,1,0,0,1
"1500000US110010075021","Block Group 1, Census Tract 75.02, District of Columbia, District of Columbia",1.3811152,"ACHIEVEMENT PREPARATORY PCS ELEMENTARY",0.440860215053763,184,0,0.929347826086957,0,0.0706521739130435,1
"1500000US110010075022","Block Group 2, Census Tract 75.02, District of Columbia, District of Columbia",1.293736,"ACHIEVEMENT PREPARATORY PCS ELEMENTARY",0.75,112,0,1,0,0,1
"1500000US110010075031","Block Group 1, Census Tract 75.03, District of Columbia, District of Columbia",1.5718516,"BRENT ES",0.371428571428571,31,0,1,0,0,1
"1500000US110010075032","Block Group 2, Census Tract 75.03, District of Columbia, District of Columbia",1.4353626,"ACHIEVEMENT PREPARATORY PCS ELEMENTARY",0.534124629080119,245,0,1,0,0,1
"1500000US110010075041","Block Group 1, Census Tract 75.04, District of Columbia, District of Columbia",1.3958561,"ACHIEVEMENT PREPARATORY PCS ELEMENTARY",0.572559366754617,171,0,1,0,0,1
"1500000US110010076011","Block Group 1, Census Tract 76.01, District of Columbia, District of Columbia",1.62165,"BRENT ES",0.605263157894737,50,0,1,0,0,1
"1500000US110010076013","Block Group 3, Census Tract 76.01, District of Columbia, District of Columbia",1.6140612,"BRENT ES",0.477064220183486,105,0,1,0,0,1
"1500000US110010076014","Block Group 4, Census Tract 76.01, District of Columbia, District of Columbia",1.5087188,"BRENT ES",0.234042553191489,49,0,1,0,0,1
"1500000US110010076015","Block Group 5, Census Tract 76.01, District of Columbia, District of Columbia",1.4501146,"BRENT ES",0.418181818181818,4,0,1,0,0,1
"1500000US110010076031","Block Group 1, Census Tract 76.03, District of Columbia, District of Columbia",1.6024927,"KIPP DC PROMISE PCS",0.317880794701987,68,0,1,0,0,1
"1500000US110010076032","Block Group 2, Census Tract 76.03, District of Columbia, District of Columbia",1.661075,"ACHIEVEMENT PREPARATORY PCS ELEMENTARY",0,19,0,1,0,0,0
"1500000US110010076033","Block Group 3, Census Tract 76.03, District of Columbia, District of Columbia",1.93929,"KIPP DC PROMISE PCS",0,12,1,0,0,0,0
"1500000US110010076034","Block Group 4, Census Tract 76.03, District of Columbia, District of Columbia",1.5051134,"ACHIEVEMENT PREPARATORY PCS ELEMENTARY",0.482352941176471,28,0,1,0,0,1
"1500000US110010076041","Block Group 1, Census Tract 76.04, District of Columbia, District of Columbia",2.020359,"BRENT ES",0.460732984293194,147,0,1,0,0,1
"1500000US110010076042","Block Group 2, Census Tract 76.04, District of Columbia, District of Columbia",1.8808923,"ACHIEVEMENT PREPARATORY PCS ELEMENTARY",0.153284671532847,59,0,0.830508474576271,0.169491525423729,0,0
"1500000US110010076043","Block Group 3, Census Tract 76.04, District of Columbia, District of Columbia",1.9124391,"KIPP DC PROMISE PCS",0,90,0.0666666666666667,0.933333333333333,0,0,0
"1500000US110010076051","Block Group 1, Census Tract 76.05, District of Columbia, District of Columbia",1.7855208,"ACHIEVEMENT PREPARATORY PCS ELEMENTARY",0,18,0,1,0,0,0
"1500000US110010076052","Block Group 2, Census Tract 76.05, District of Columbia, District of Columbia",1.777516,"ACHIEVEMENT PREPARATORY PCS ELEMENTARY",0.387832699619772,47,0,1,0,0,1
"1500000US110010076053","Block Group 3, Census Tract 76.05, District of Columbia, District of Columbia",1.6510191,"BRENT ES",0.774193548387097,27,0,1,0,0,1
"1500000US110010077031","Block Group 1, Census Tract 77.03, District of Columbia, District of Columbia",0.47377095,"KIPP DC PROMISE PCS",0.271186440677966,15,0,1,0,0,1
"1500000US110010077032","Block Group 2, Census Tract 77.03, District of Columbia, District of Columbia",0.75561661,"KIPP DC PROMISE PCS",0.104712041884817,187,0,0.582887700534759,0.20855614973262,0.20855614973262,0
"1500000US110010077033","Block Group 3, Census Tract 77.03, District of Columbia, District of Columbia",0.96063364,"KIPP DC PROMISE PCS",0.590336134453782,260,0,1,0,0,1
"1500000US110010077034","Block Group 4, Census Tract 77.03, District of Columbia, District of Columbia",1.1453884,"KIPP DC PROMISE PCS",0.133333333333333,12,0,1,0,0,0
"1500000US110010077071","Block Group 1, Census Tract 77.07, District of Columbia, District of Columbia",0.32356352,"KIPP DC PROMISE PCS",0.400611620795107,154,0,1,0,0,1
"1500000US110010077072","Block Group 2, Census Tract 77.07, District of Columbia, District of Columbia",0.42419159,"KIPP DC PROMISE PCS",0.179347826086957,64,0,1,0,0,0
"1500000US110010077081","Block Group 1, Census Tract 77.08, District of Columbia, District of Columbia",1.24053,"KIPP DC PROMISE PCS",0.797927461139896,53,0,1,0,0,1
"1500000US110010077082","Block Group 2, Census Tract 77.08, District of Columbia, District of Columbia",1.3459158,"KIPP DC PROMISE PCS",0,74,0,1,0,0,0
"1500000US110010077091","Block Group 1, Census Tract 77.09, District of Columbia, District of Columbia",1.7375767,"KIPP DC PROMISE PCS",0.241935483870968,34,0,1,0,0,1
"1500000US110010077092","Block Group 2, Census Tract 77.09, District of Columbia, District of Columbia",1.8320233,"KIPP DC PROMISE PCS",0.508196721311475,36,0,0.888888888888889,0,0.111111111111111,1
"1500000US110010078031","Block Group 1, Census Tract 78.03, District of Columbia, District of Columbia",1.1920397,"KIPP DC PROMISE PCS",0.298850574712644,82,0,1,0,0,1
"1500000US110010078032","Block Group 2, Census Tract 78.03, District of Columbia, District of Columbia",0.96576089,"KIPP DC PROMISE PCS",0.73469387755102,6,0,1,0,0,1
"1500000US110010078033","Block Group 3, Census Tract 78.03, District of Columbia, District of Columbia",0.70811886,"KIPP DC PROMISE PCS",0,58,0,0,0.5,0.5,0
"1500000US110010078034","Block Group 4, Census Tract 78.03, District of Columbia, District of Columbia",0.93212992,"KIPP DC PROMISE PCS",0.582781456953642,45,0,1,0,0,1
"1500000US110010078041","Block Group 1, Census Tract 78.04, District of Columbia, District of Columbia",1.1074364,"KIPP DC PROMISE PCS",0.558441558441558,8,0,1,0,0,1
"1500000US110010078042","Block Group 2, Census Tract 78.04, District of Columbia, District of Columbia",0.90707463,"KIPP DC PROMISE PCS",0.505813953488372,83,0,1,0,0,1
"1500000US110010078043","Block Group 3, Census Tract 78.04, District of Columbia, District of Columbia",0.63587803,"KIPP DC PROMISE PCS",0.1,118,0,1,0,0,0
"1500000US110010078061","Block Group 1, Census Tract 78.06, District of Columbia, District of Columbia",1.6777436,"KIPP DC PROMISE PCS",0.0991735537190083,36,0,1,0,0,0
"1500000US110010078062","Block Group 2, Census Tract 78.06, District of Columbia, District of Columbia",1.5485555,"KIPP DC PROMISE PCS",0.21551724137931,72,0.0694444444444444,0.930555555555556,0,0,1
"1500000US110010078071","Block Group 1, Census Tract 78.07, District of Columbia, District of Columbia",1.3610898,"KIPP DC PROMISE PCS",0.330143540669856,110,0,1,0,0,1
"1500000US110010078072","Block Group 2, Census Tract 78.07, District of Columbia, District of Columbia",1.3938767,"KIPP DC PROMISE PCS",0.225,19,0,1,0,0,1
"1500000US110010078081","Block Group 1, Census Tract 78.08, District of Columbia, District of Columbia",0.87249726,"KIPP DC PROMISE PCS",0.405405405405405,258,0,1,0,0,1
"1500000US110010078083","Block Group 3, Census Tract 78.08, District of Columbia, District of Columbia",1.0417519,"KIPP DC PROMISE PCS",0.150259067357513,82,0,1,0,0,0
"1500000US110010078091","Block Group 1, Census Tract 78.09, District of Columbia, District of Columbia",1.3718553,"KIPP DC PROMISE PCS",0.255905511811024,150,0,0.76,0.12,0.12,1
"1500000US110010078092","Block Group 2, Census Tract 78.09, District of Columbia, District of Columbia",1.2984381,"KIPP DC PROMISE PCS",0.565217391304348,26,0,1,0,0,1
"1500000US110010079011","Block Group 1, Census Tract 79.01, District of Columbia, District of Columbia",0.9778713,"LUDLOW TAYLOR ES",0.7,29,0,1,0,0,1
"1500000US110010079012","Block Group 2, Census Tract 79.01, District of Columbia, District of Columbia",0.98907769,"LUDLOW TAYLOR ES",0.114942528735632,29,0,1,0,0,0
"1500000US110010079013","Block Group 3, Census Tract 79.01, District of Columbia, District of Columbia",0.80123538,"LUDLOW TAYLOR ES",0.241545893719807,30,0.366666666666667,0.633333333333333,0,0,1
"1500000US110010079014","Block Group 4, Census Tract 79.01, District of Columbia, District of Columbia",0.78751874,"LUDLOW TAYLOR ES",0.401869158878505,72,0,1,0,0,1
"1500000US110010079031","Block Group 1, Census Tract 79.03, District of Columbia, District of Columbia",1.205156,"LUDLOW TAYLOR ES",0.323671497584541,108,0,1,0,0,1
"1500000US110010080011","Block Group 1, Census Tract 80.01, District of Columbia, District of Columbia",0.59251529,"LUDLOW TAYLOR ES",0,44,0,1,0,0,0
"1500000US110010080012","Block Group 2, Census Tract 80.01, District of Columbia, District of Columbia",0.54571193,"LUDLOW TAYLOR ES",0.0925925925925926,13,0,1,0,0,0
"1500000US110010080013","Block Group 3, Census Tract 80.01, District of Columbia, District of Columbia",0.60452121,"LUDLOW TAYLOR ES",0,33,1,0,0,0,0
"1500000US110010080022","Block Group 2, Census Tract 80.02, District of Columbia, District of Columbia",0.70177579,"LUDLOW TAYLOR ES",0.0738916256157636,115,0.478260869565217,0.469565217391304,0,0.0521739130434783,0
"1500000US110010081001","Block Group 1, Census Tract 81, District of Columbia, District of Columbia",0.30851269,"LUDLOW TAYLOR ES",0,22,0.5,0,0.5,0,0
"1500000US110010081002","Block Group 2, Census Tract 81, District of Columbia, District of Columbia",0.41245335,"LUDLOW TAYLOR ES",0,54,0.611111111111111,0.388888888888889,0,0,0
"1500000US110010082001","Block Group 1, Census Tract 82, District of Columbia, District of Columbia",0.50831532,"BRENT ES",0,16,1,0,0,0,0
"1500000US110010082002","Block Group 2, Census Tract 82, District of Columbia, District of Columbia",0.49627659,"BRENT ES",0,64,0.34375,0,0.25,0.40625,0
"1500000US110010083021","Block Group 1, Census Tract 83.02, District of Columbia, District of Columbia",0.17096002,"LUDLOW TAYLOR ES",0,79,0.645569620253165,0.10126582278481,0.0759493670886076,0.177215189873418,0
"1500000US110010084101","Block Group 1, Census Tract 84.10, District of Columbia, District of Columbia",0.35332495,"LUDLOW TAYLOR ES",0,115,0.147826086956522,0.852173913043478,0,0,0
"1500000US110010087012","Block Group 2, Census Tract 87.01, District of Columbia, District of Columbia",0.7591036,"TWO RIVERS PCS ES",0.236363636363636,26,0,1,0,0,1
"1500000US110010087021","Block Group 1, Census Tract 87.02, District of Columbia, District of Columbia",0.59806329,"D C  PREP EDGEWOOD MIDDLE CAMPUS PCS",0.333333333333333,69,0,0.681159420289855,0.159420289855072,0.159420289855072,1
"1500000US110010087022","Block Group 2, Census Tract 87.02, District of Columbia, District of Columbia",0.52457917,"TWO RIVERS PCS ES",0,14,0,1,0,0,0
"1500000US110010088021","Block Group 1, Census Tract 88.02, District of Columbia, District of Columbia",0.81972969,"LUDLOW TAYLOR ES",0.129032258064516,8,0,1,0,0,0
"1500000US110010088022","Block Group 2, Census Tract 88.02, District of Columbia, District of Columbia",0.69991529,"LUDLOW TAYLOR ES",0.471428571428571,23,0,1,0,0,1
"1500000US110010088023","Block Group 3, Census Tract 88.02, District of Columbia, District of Columbia",0.55599016,"LUDLOW TAYLOR ES",0.253333333333333,46,0,0.782608695652174,0,0.217391304347826,1
"1500000US110010088031","Block Group 1, Census Tract 88.03, District of Columbia, District of Columbia",0.63913339,"TWO RIVERS PCS ES",0.521739130434783,58,0,1,0,0,1
"1500000US110010088041","Block Group 1, Census Tract 88.04, District of Columbia, District of Columbia",0.78629345,"TWO RIVERS PCS ES",0,34,0,1,0,0,0
"1500000US110010088042","Block Group 2, Census Tract 88.04, District of Columbia, District of Columbia",0.9291591,"TWO RIVERS PCS ES",0.208333333333333,23,0,1,0,0,1
"1500000US110010089031","Block Group 1, Census Tract 89.03, District of Columbia, District of Columbia",1.0664598,"LUDLOW TAYLOR ES",0.496644295302013,213,0,0.652582159624413,0.215962441314554,0.131455399061033,1
"1500000US110010089032","Block Group 2, Census Tract 89.03, District of Columbia, District of Columbia",1.2658625,"LUDLOW TAYLOR ES",0.491803278688525,90,0,1,0,0,1
"1500000US110010089041","Block Group 1, Census Tract 89.04, District of Columbia, District of Columbia",1.2646524,"LUDLOW TAYLOR ES",0.18407960199005,124,0,1,0,0,0
"1500000US110010089042","Block Group 2, Census Tract 89.04, District of Columbia, District of Columbia",1.0738522,"LUDLOW TAYLOR ES",0,98,0,0,0.5,0.5,0
"1500000US110010090001","Block Group 1, Census Tract 90, District of Columbia, District of Columbia",1.9128733,"ELSIE WHITLOW STOKES COMMUNTIY FREEDOM PCS",0,82,0,1,0,0,0
"1500000US110010090002","Block Group 2, Census Tract 90, District of Columbia, District of Columbia",1.6505818,"ELSIE WHITLOW STOKES COMMUNTIY FREEDOM PCS",0,58,0,1,0,0,0
"1500000US110010091022","Block Group 2, Census Tract 91.02, District of Columbia, District of Columbia",0.55689663,"D C  PREP EDGEWOOD MIDDLE CAMPUS PCS",0.268,111,0,1,0,0,1
"1500000US110010091023","Block Group 3, Census Tract 91.02, District of Columbia, District of Columbia",0.72207391,"D C  PREP EDGEWOOD MIDDLE CAMPUS PCS",0.392491467576792,195,0,1,0,0,1
"1500000US110010092011","Block Group 1, Census Tract 92.01, District of Columbia, District of Columbia",0.30572778,"D C  PREP EDGEWOOD MIDDLE CAMPUS PCS",0.1,76,0.144736842105263,0.513157894736842,0.171052631578947,0.171052631578947,0
"1500000US110010092031","Block Group 1, Census Tract 92.03, District of Columbia, District of Columbia",0.60789078,"D C  PREP EDGEWOOD MIDDLE CAMPUS PCS",0.317919075144509,114,0.0526315789473684,0.947368421052632,0,0,1
"1500000US110010092041","Block Group 1, Census Tract 92.04, District of Columbia, District of Columbia",0.21164884,"D C  PREP EDGEWOOD MIDDLE CAMPUS PCS",0,25,0,1,0,0,0
"1500000US110010092042","Block Group 2, Census Tract 92.04, District of Columbia, District of Columbia",0.12659037,"D C  PREP EDGEWOOD MIDDLE CAMPUS PCS",0.758064516129032,163,0,0.828220858895706,0.171779141104294,0,1
"1500000US110010093011","Block Group 1, Census Tract 93.01, District of Columbia, District of Columbia",0.47093084,"ELSIE WHITLOW STOKES COMMUNTIY FREEDOM PCS",0,43,0.162790697674419,0.837209302325581,0,0,0
"1500000US110010093012","Block Group 2, Census Tract 93.01, District of Columbia, District of Columbia",0.31882387,"ELSIE WHITLOW STOKES COMMUNTIY FREEDOM PCS",0,20,0.65,0.35,0,0,0
"1500000US110010093013","Block Group 3, Census Tract 93.01, District of Columbia, District of Columbia",0.58957595,"ELSIE WHITLOW STOKES COMMUNTIY FREEDOM PCS",0,33,0.545454545454545,0,0.454545454545455,0,0
"1500000US110010093014","Block Group 4, Census Tract 93.01, District of Columbia, District of Columbia",0.27618897,"ELSIE WHITLOW STOKES COMMUNTIY FREEDOM PCS",0,41,0,1,0,0,0
"1500000US110010093021","Block Group 1, Census Tract 93.02, District of Columbia, District of Columbia",0.28849363,"D C  PREP EDGEWOOD MIDDLE CAMPUS PCS",0,30,0,0.666666666666667,0,0.333333333333333,0
"1500000US110010094001","Block Group 1, Census Tract 94, District of Columbia, District of Columbia",0.89193147,"ELSIE WHITLOW STOKES COMMUNTIY FREEDOM PCS",0.078125,5,0,1,0,0,0
"1500000US110010094002","Block Group 2, Census Tract 94, District of Columbia, District of Columbia",0.74422026,"ELSIE WHITLOW STOKES COMMUNTIY FREEDOM PCS",0,42,0,1,0,0,0
"1500000US110010094003","Block Group 3, Census Tract 94, District of Columbia, District of Columbia",1.0433892,"ELSIE WHITLOW STOKES COMMUNTIY FREEDOM PCS",0,74,0,0.5,0.5,0,0
"1500000US110010094004","Block Group 4, Census Tract 94, District of Columbia, District of Columbia",0.75548637,"ELSIE WHITLOW STOKES COMMUNTIY FREEDOM PCS",0,42,0,1,0,0,0
"1500000US110010095011","Block Group 1, Census Tract 95.01, District of Columbia, District of Columbia",0.49224523,"WASHINGTON YU YING PCS",0.11965811965812,208,0,0.663461538461538,0.168269230769231,0.168269230769231,0
"1500000US110010095012","Block Group 2, Census Tract 95.01, District of Columbia, District of Columbia",0.25421003,"WASHINGTON YU YING PCS",0.435897435897436,161,0,0.229813664596273,0.385093167701863,0.385093167701863,1
"1500000US110010095013","Block Group 3, Census Tract 95.01, District of Columbia, District of Columbia",0.24642108,"WASHINGTON YU YING PCS",0.251028806584362,88,0.181818181818182,0.818181818181818,0,0,1
"1500000US110010095031","Block Group 1, Census Tract 95.03, District of Columbia, District of Columbia",0.95648599,"ELSIE WHITLOW STOKES COMMUNTIY FREEDOM PCS",0.087378640776699,96,0,0.8125,0.1875,0,0
"1500000US110010095032","Block Group 2, Census Tract 95.03, District of Columbia, District of Columbia",0.54619032,"ELSIE WHITLOW STOKES COMMUNTIY FREEDOM PCS",0.0540540540540541,13,0,0,0,1,0
"1500000US110010095033","Block Group 3, Census Tract 95.03, District of Columbia, District of Columbia",0.41228727,"ELSIE WHITLOW STOKES COMMUNTIY FREEDOM PCS",0,40,0,1,0,0,0
"1500000US110010095041","Block Group 1, Census Tract 95.04, District of Columbia, District of Columbia",0.26856014,"ELSIE WHITLOW STOKES COMMUNTIY FREEDOM PCS",0.0588235294117647,183,0,0.0601092896174863,0.448087431693989,0.491803278688525,0
"1500000US110010095042","Block Group 2, Census Tract 95.04, District of Columbia, District of Columbia",0.54301071,"WASHINGTON YU YING PCS",0,39,0.230769230769231,0.256410256410256,0.256410256410256,0.256410256410256,0
"1500000US110010095051","Block Group 1, Census Tract 95.05, District of Columbia, District of Columbia",1.4291697,"CENTER CITY BRIGHTWOOD CAMPUS PCS",0,220,0,0.163636363636364,0.418181818181818,0.418181818181818,0
"1500000US110010095052","Block Group 2, Census Tract 95.05, District of Columbia, District of Columbia",1.1738673,"CENTER CITY BRIGHTWOOD CAMPUS PCS",0,34,0,1,0,0,0
"1500000US110010095053","Block Group 3, Census Tract 95.05, District of Columbia, District of Columbia",1.2459873,"WASHINGTON YU YING PCS",0,29,0,1,0,0,0
"1500000US110010095071","Block Group 1, Census Tract 95.07, District of Columbia, District of Columbia",1.2442234,"WASHINGTON YU YING PCS",0.0849673202614379,97,0,0.865979381443299,0.134020618556701,0,0
"1500000US110010095081","Block Group 1, Census Tract 95.08, District of Columbia, District of Columbia",0.86441344,"WASHINGTON YU YING PCS",0,20,0,0,0,1,0
"1500000US110010095082","Block Group 2, Census Tract 95.08, District of Columbia, District of Columbia",1.0892733,"WASHINGTON YU YING PCS",0,57,0,1,0,0,0
"1500000US110010095083","Block Group 3, Census Tract 95.08, District of Columbia, District of Columbia",1.1040385,"WASHINGTON YU YING PCS",0.0606060606060606,66,0,1,0,0,0
"1500000US110010095091","Block Group 1, Census Tract 95.09, District of Columbia, District of Columbia",0.90224159,"WASHINGTON YU YING PCS",0,146,0,0.36986301369863,0.315068493150685,0.315068493150685,0
"1500000US110010095092","Block Group 2, Census Tract 95.09, District of Columbia, District of Columbia",0.68400025,"WASHINGTON YU YING PCS",0,22,0,1,0,0,0
"1500000US110010095093","Block Group 3, Census Tract 95.09, District of Columbia, District of Columbia",0.65670842,"WASHINGTON YU YING PCS",0,84,0,0.714285714285714,0,0.285714285714286,0
"1500000US110010096011","Block Group 1, Census Tract 96.01, District of Columbia, District of Columbia",1.9158795,"KIPP DC PROMISE PCS",0.503205128205128,192,0,0.963541666666667,0,0.0364583333333333,1
"1500000US110010096021","Block Group 1, Census Tract 96.02, District of Columbia, District of Columbia",1.5413351,"KIPP DC PROMISE PCS",0.414634146341463,106,0,1,0,0,1
"1500000US110010096022","Block Group 2, Census Tract 96.02, District of Columbia, District of Columbia",1.8229618,"KIPP DC PROMISE PCS",0.29073482428115,113,0,1,0,0,1
"1500000US110010096033","Block Group 3, Census Tract 96.03, District of Columbia, District of Columbia",1.2010312,"KIPP DC PROMISE PCS",0.0757575757575758,136,0,0.441176470588235,0.279411764705882,0.279411764705882,0
"1500000US110010096041","Block Group 1, Census Tract 96.04, District of Columbia, District of Columbia",1.472751,"KIPP DC PROMISE PCS",0.08,20,0,1,0,0,0
"1500000US110010096042","Block Group 2, Census Tract 96.04, District of Columbia, District of Columbia",1.4771453,"KIPP DC PROMISE PCS",0,45,0,1,0,0,0
"1500000US110010097001","Block Group 1, Census Tract 97, District of Columbia, District of Columbia",0.50238657,"ACHIEVEMENT PREPARATORY PCS ELEMENTARY",0.540389972144847,230,0,1,0,0,1
"1500000US110010097002","Block Group 2, Census Tract 97, District of Columbia, District of Columbia",0.84986115,"ACHIEVEMENT PREPARATORY PCS ELEMENTARY",0.329268292682927,55,0,1,0,0,1
"1500000US110010098011","Block Group 1, Census Tract 98.01, District of Columbia, District of Columbia",0.74519992,"CENTER CITY CONGRESS HEIGHTS CAMPUS PCS",0.501706484641638,225,0,0.871111111111111,0.0444444444444444,0.0844444444444444,1
"1500000US110010098021","Block Group 1, Census Tract 98.02, District of Columbia, District of Columbia",0.85672235,"CENTER CITY CONGRESS HEIGHTS CAMPUS PCS",0.811965811965812,69,0,1,0,0,1
"1500000US110010098022","Block Group 2, Census Tract 98.02, District of Columbia, District of Columbia",0.90247589,"CENTER CITY CONGRESS HEIGHTS CAMPUS PCS",0.569230769230769,61,0,1,0,0,1
"1500000US110010098031","Block Group 1, Census Tract 98.03, District of Columbia, District of Columbia",0.28437266,"CENTER CITY CONGRESS HEIGHTS CAMPUS PCS",0.566666666666667,39,0,1,0,0,1
"1500000US110010098032","Block Group 2, Census Tract 98.03, District of Columbia, District of Columbia",0.59007525,"CENTER CITY CONGRESS HEIGHTS CAMPUS PCS",0.472972972972973,79,0,1,0,0,1
"1500000US110010098033","Block Group 3, Census Tract 98.03, District of Columbia, District of Columbia",0.47123665,"CENTER CITY CONGRESS HEIGHTS CAMPUS PCS",0.446969696969697,32,0,1,0,0,1
"1500000US110010098041","Block Group 1, Census Tract 98.04, District of Columbia, District of Columbia",0.41906413,"CENTER CITY CONGRESS HEIGHTS CAMPUS PCS",0.437722419928826,199,0,0.814070351758794,0.0653266331658292,0.120603015075377,1
"1500000US110010098042","Block Group 2, Census Tract 98.04, District of Columbia, District of Columbia",0.26010635,"CENTER CITY CONGRESS HEIGHTS CAMPUS PCS",0.636363636363636,46,0,1,0,0,1
"1500000US110010098072","Block Group 2, Census Tract 98.07, District of Columbia, District of Columbia",1.146523,"CENTER CITY CONGRESS HEIGHTS CAMPUS PCS",0.469750889679715,190,0,0.947368421052632,0,0.0526315789473684,1
"1500000US110010098101","Block Group 1, Census Tract 98.10, District of Columbia, District of Columbia",0.96277905,"CENTER CITY CONGRESS HEIGHTS CAMPUS PCS",0.373665480427046,123,0,1,0,0,1
"1500000US110010098102","Block Group 2, Census Tract 98.10, District of Columbia, District of Columbia",0.97413206,"CENTER CITY CONGRESS HEIGHTS CAMPUS PCS",0.434782608695652,114,0,0.885964912280702,0,0.114035087719298,1
"1500000US110010098111","Block Group 1, Census Tract 98.11, District of Columbia, District of Columbia",1.0687134,"CENTER CITY CONGRESS HEIGHTS CAMPUS PCS",0.457971014492754,88,0,1,0,0,1
"1500000US110010098112","Block Group 2, Census Tract 98.11, District of Columbia, District of Columbia",1.109877,"CENTER CITY CONGRESS HEIGHTS CAMPUS PCS",0.338266384778013,276,0,1,0,0,1
"1500000US110010099011","Block Group 1, Census Tract 99.01, District of Columbia, District of Columbia",1.6354357,"KIPP DC PROMISE PCS",0,66,0,1,0,0,0
"1500000US110010099012","Block Group 2, Census Tract 99.01, District of Columbia, District of Columbia",1.3732194,"KIPP DC PROMISE PCS",0,60,0,1,0,0,0
"1500000US110010099021","Block Group 1, Census Tract 99.02, District of Columbia, District of Columbia",0.9541083,"KIPP DC PROMISE PCS",0,13,0,0.846153846153846,0.153846153846154,0,0
"1500000US110010099022","Block Group 2, Census Tract 99.02, District of Columbia, District of Columbia",1.2877951,"KIPP DC PROMISE PCS",0.1699604743083,95,0,1,0,0,0
"1500000US110010099031","Block Group 1, Census Tract 99.03, District of Columbia, District of Columbia",0.97904831,"KIPP DC PROMISE PCS",0.252293577981651,94,0,1,0,0,1
"1500000US110010099032","Block Group 2, Census Tract 99.03, District of Columbia, District of Columbia",0.67762214,"KIPP DC PROMISE PCS",0.115384615384615,51,0,1,0,0,0
"1500000US110010099041","Block Group 1, Census Tract 99.04, District of Columbia, District of Columbia",0.25519335,"KIPP DC PROMISE PCS",0.297029702970297,91,0.021978021978022,0.813186813186813,0.164835164835165,0,1
"1500000US110010099042","Block Group 2, Census Tract 99.04, District of Columbia, District of Columbia",0.26565894,"KIPP DC PROMISE PCS",0.358744394618834,120,0,1,0,0,1
"1500000US110010099051","Block Group 1, Census Tract 99.05, District of Columbia, District of Columbia",0.48131755,"KIPP DC PROMISE PCS",0.453900709219858,66,0,1,0,0,1
"1500000US110010099052","Block Group 2, Census Tract 99.05, District of Columbia, District of Columbia",0.68476838,"KIPP DC PROMISE PCS",0.140350877192982,47,0,1,0,0,0
"1500000US110010099053","Block Group 3, Census Tract 99.05, District of Columbia, District of Columbia",0.39726862,"KIPP DC PROMISE PCS",0.275510204081633,30,0,1,0,0,1
"1500000US110010099061","Block Group 1, Census Tract 99.06, District of Columbia, District of Columbia",0.37245485,"KIPP DC PROMISE PCS",0.261802575107296,79,0,1,0,0,1
"1500000US110010099071","Block Group 1, Census Tract 99.07, District of Columbia, District of Columbia",0.34435695,"KIPP DC PROMISE PCS",0.504201680672269,50,0,1,0,0,1
"1500000US110010099072","Block Group 2, Census Tract 99.07, District of Columbia, District of Columbia",0.18350503,"KIPP DC PROMISE PCS",0.536193029490617,197,0,1,0,0,1
"1500000US110010102001","Block Group 1, Census Tract 102, District of Columbia, District of Columbia",1.0461123,"BRENT ES",0.68,27,0,1,0,0,1
"1500000US110010103001","Block Group 1, Census Tract 103, District of Columbia, District of Columbia",0.66615891,"CENTER CITY BRIGHTWOOD CAMPUS PCS",0,14,1,0,0,0,0
"1500000US110010103002","Block Group 2, Census Tract 103, District of Columbia, District of Columbia",0.58282065,"SHEPHERD ES",0.0355029585798817,104,0,0.653846153846154,0.346153846153846,0,0
"1500000US110010103003","Block Group 3, Census Tract 103, District of Columbia, District of Columbia",0.78462183,"SHEPHERD ES",0.649122807017544,124,0.0564516129032258,0.104838709677419,0.419354838709677,0.419354838709677,1
"1500000US110010104001","Block Group 1, Census Tract 104, District of Columbia, District of Columbia",0.20607807,"CENTER CITY CONGRESS HEIGHTS CAMPUS PCS",0.540106951871658,158,0,0.518987341772152,0.240506329113924,0.240506329113924,1
"1500000US110010104002","Block Group 2, Census Tract 104, District of Columbia, District of Columbia",0.47160178,"CENTER CITY CONGRESS HEIGHTS CAMPUS PCS",0.229357798165138,195,0,1,0,0,1
"1500000US110010105001","Block Group 1, Census Tract 105, District of Columbia, District of Columbia",0.71979928,"BRENT ES",0.473684210526316,12,0,1,0,0,1
"1500000US110010105002","Block Group 2, Census Tract 105, District of Columbia, District of Columbia",0.84320658,"BRENT ES",0,22,0,1,0,0,0
"1500000US110010106001","Block Group 1, Census Tract 106, District of Columbia, District of Columbia",0.24884744,"TWO RIVERS PCS ES",0.247311827956989,58,0,1,0,0,1
"1500000US110010106003","Block Group 3, Census Tract 106, District of Columbia, District of Columbia",0.23972018,"LUDLOW TAYLOR ES",0,11,1,0,0,0,0
"1500000US110010109001","Block Group 1, Census Tract 109, District of Columbia, District of Columbia",1.354244,"CENTER CITY CONGRESS HEIGHTS CAMPUS PCS",0.489130434782609,119,0,0.899159663865546,0,0.100840336134454,1
"1500000US110010109002","Block Group 2, Census Tract 109, District of Columbia, District of Columbia",1.7861161,"CENTER CITY CONGRESS HEIGHTS CAMPUS PCS",0.485549132947977,62,0,1,0,0,1
"1500000US110010110001","Block Group 1, Census Tract 110, District of Columbia, District of Columbia",1.1468946,"BRENT ES",0,53,0,1,0,0,0
"1500000US110010110004","Block Group 4, Census Tract 110, District of Columbia, District of Columbia",1.0426778,"BRENT ES",0,11,1,0,0,0,0
"1500000US110010111001","Block Group 1, Census Tract 111, District of Columbia, District of Columbia",1.4656931,"ELSIE WHITLOW STOKES COMMUNTIY FREEDOM PCS",0,97,0.237113402061856,0.762886597938144,0,0,0
"1500000US110010111002","Block Group 2, Census Tract 111, District of Columbia, District of Columbia",1.1200751,"ELSIE WHITLOW STOKES COMMUNTIY FREEDOM PCS",0.182926829268293,230,0,0.582608695652174,0.382608695652174,0.0347826086956522,0
"1500000US110010111003","Block Group 3, Census Tract 111, District of Columbia, District of Columbia",1.2339648,"D C  PREP EDGEWOOD MIDDLE CAMPUS PCS",0.191011235955056,47,0.0212765957446809,0.957446808510638,0,0.0212765957446809,1
